shipment_id,origin,origin_lat,origin_lon,destination,destination_lat,destination_lon,weight_kg,volume_m3,sla_hours
S1,Surat,21.1702,72.8311,Nashik,19.9975,73.7898,283,3.14,24
S2,Pune,18.5204,73.8567,Vadodara,22.3072,73.1812,306,2.12,48
S3,Nagpur,21.1458,79.0882,Ahmedabad,23.0225,72.5714,684,0.52,36
S4,Surat,21.1702,72.8311,Hyderabad,17.385,78.4867,456,2.46,24
S5,Ahmedabad,23.0225,72.5714,Hyderabad,17.385,78.4867,584,1.4,48
S6,Vadodara,22.3072,73.1812,Surat,21.1702,72.8311,382,3.81,36
S7,Pune,18.5204,73.8567,Hyderabad,17.385,78.4867,224,2.34,36
S8,Nagpur,21.1458,79.0882,Surat,21.1702,72.8311,209,2.37,48
S9,Indore,22.7196,75.8577,Nagpur,21.1458,79.0882,422,3.5,24
S10,Jaipur,26.9124,75.7873,Nagpur,21.1458,79.0882,118,1.73,36
S11,Hyderabad,17.385,78.4867,Indore,22.7196,75.8577,245,1.57,36
S12,Surat,21.1702,72.8311,Mumbai,19.076,72.8777,466,3.66,24
S13,Hyderabad,17.385,78.4867,Vadodara,22.3072,73.1812,558,1.29,24
S14,Nagpur,21.1458,79.0882,Vadodara,22.3072,73.1812,535,2.21,24
S15,Vadodara,22.3072,73.1812,Nagpur,21.1458,79.0882,398,3.61,36
S16,Vadodara,22.3072,73.1812,Ahmedabad,23.0225,72.5714,291,3.87,48
S17,Mumbai,19.076,72.8777,Ahmedabad,23.0225,72.5714,236,1.36,24
S18,Ahmedabad,23.0225,72.5714,Vadodara,22.3072,73.1812,667,3.54,24
S19,Hyderabad,17.385,78.4867,Pune,18.5204,73.8567,190,2.22,24
S20,Mumbai,19.076,72.8777,Vadodara,22.3072,73.1812,384,2.72,24
S21,Nagpur,21.1458,79.0882,Nashik,19.9975,73.7898,261,1.96,48
S22,Indore,22.7196,75.8577,Pune,18.5204,73.8567,655,0.76,48
S23,Surat,21.1702,72.8311,Indore,22.7196,75.8577,280,0.53,48
S24,Indore,22.7196,75.8577,Mumbai,19.076,72.8777,161,1.06,48
S25,Hyderabad,17.385,78.4867,Surat,21.1702,72.8311,100,1.64,36
S26,Pune,18.5204,73.8567,Jaipur,26.9124,75.7873,497,1.23,36
S27,Pune,18.5204,73.8567,Mumbai,19.076,72.8777,422,0.82,24
S28,Hyderabad,17.385,78.4867,Nagpur,21.1458,79.0882,461,1.31,36
S29,Hyderabad,17.385,78.4867,Indore,22.7196,75.8577,348,0.76,36
S30,Nagpur,21.1458,79.0882,Vadodara,22.3072,73.1812,680,2.03,24
S31,Ahmedabad,23.0225,72.5714,Mumbai,19.076,72.8777,677,1.41,48
S32,Jaipur,26.9124,75.7873,Hyderabad,17.385,78.4867,576,1.47,24
S33,Jaipur,26.9124,75.7873,Vadodara,22.3072,73.1812,140,2.58,24
S34,Ahmedabad,23.0225,72.5714,Pune,18.5204,73.8567,319,1.59,36
S35,Vadodara,22.3072,73.1812,Hyderabad,17.385,78.4867,274,2.81,24
S36,Surat,21.1702,72.8311,Pune,18.5204,73.8567,438,2.78,48
S37,Jaipur,26.9124,75.7873,Pune,18.5204,73.8567,350,2.78,36
S38,Hyderabad,17.385,78.4867,Indore,22.7196,75.8577,375,3.4,48
S39,Indore,22.7196,75.8577,Ahmedabad,23.0225,72.5714,349,1.98,48
S40,Surat,21.1702,72.8311,Mumbai,19.076,72.8777,593,1.95,48
S41,Jaipur,26.9124,75.7873,Mumbai,19.076,72.8777,218,3.43,48
S42,Surat,21.1702,72.8311,Hyderabad,17.385,78.4867,334,0.84,36
S43,Ahmedabad,23.0225,72.5714,Nashik,19.9975,73.7898,401,1.79,36
S44,Vadodara,22.3072,73.1812,Pune,18.5204,73.8567,477,0.68,48
S45,Nashik,19.9975,73.7898,Indore,22.7196,75.8577,576,0.81,48
S46,Vadodara,22.3072,73.1812,Surat,21.1702,72.8311,505,3.13,24
S47,Ahmedabad,23.0225,72.5714,Vadodara,22.3072,73.1812,176,1.15,36
S48,Nashik,19.9975,73.7898,Ahmedabad,23.0225,72.5714,496,3.36,48
S49,Surat,21.1702,72.8311,Indore,22.7196,75.8577,631,3.74,24
S50,Ahmedabad,23.0225,72.5714,Jaipur,26.9124,75.7873,541,3.52,48
S51,Nashik,19.9975,73.7898,Ahmedabad,23.0225,72.5714,660,0.57,24
S52,Indore,22.7196,75.8577,Nashik,19.9975,73.7898,460,2.16,36
S53,Vadodara,22.3072,73.1812,Hyderabad,17.385,78.4867,686,3.47,24
S54,Vadodara,22.3072,73.1812,Nashik,19.9975,73.7898,299,3.58,24
S55,Surat,21.1702,72.8311,Hyderabad,17.385,78.4867,368,2.14,48
S56,Nashik,19.9975,73.7898,Mumbai,19.076,72.8777,585,3.48,36
S57,Surat,21.1702,72.8311,Indore,22.7196,75.8577,424,2.43,48
S58,Jaipur,26.9124,75.7873,Hyderabad,17.385,78.4867,260,1.9,36
S59,Ahmedabad,23.0225,72.5714,Vadodara,22.3072,73.1812,423,1.24,48
S60,Jaipur,26.9124,75.7873,Nagpur,21.1458,79.0882,135,2.21,36
S61,Jaipur,26.9124,75.7873,Vadodara,22.3072,73.1812,563,1.41,48
S62,Nashik,19.9975,73.7898,Vadodara,22.3072,73.1812,438,1.77,48
S63,Ahmedabad,23.0225,72.5714,Nashik,19.9975,73.7898,487,3.86,48
S64,Pune,18.5204,73.8567,Jaipur,26.9124,75.7873,610,0.71,24
S65,Mumbai,19.076,72.8777,Nashik,19.9975,73.7898,525,2.0,36
S66,Indore,22.7196,75.8577,Jaipur,26.9124,75.7873,115,1.55,48
S67,Vadodara,22.3072,73.1812,Hyderabad,17.385,78.4867,484,1.53,36
S68,Mumbai,19.076,72.8777,Pune,18.5204,73.8567,683,1.15,48
S69,Vadodara,22.3072,73.1812,Jaipur,26.9124,75.7873,353,2.95,36
S70,Indore,22.7196,75.8577,Ahmedabad,23.0225,72.5714,524,1.89,24
S71,Jaipur,26.9124,75.7873,Vadodara,22.3072,73.1812,154,1.17,48
S72,Surat,21.1702,72.8311,Ahmedabad,23.0225,72.5714,452,1.42,48
S73,Jaipur,26.9124,75.7873,Surat,21.1702,72.8311,122,1.92,36
S74,Ahmedabad,23.0225,72.5714,Indore,22.7196,75.8577,599,1.86,48
S75,Mumbai,19.076,72.8777,Nagpur,21.1458,79.0882,491,0.61,24
S76,Mumbai,19.076,72.8777,Vadodara,22.3072,73.1812,317,2.17,48
S77,Jaipur,26.9124,75.7873,Surat,21.1702,72.8311,441,0.8,24
S78,Nagpur,21.1458,79.0882,Mumbai,19.076,72.8777,526,0.95,24
S79,Indore,22.7196,75.8577,Pune,18.5204,73.8567,410,1.8,48
S80,Mumbai,19.076,72.8777,Pune,18.5204,73.8567,376,1.59,48
S81,Jaipur,26.9124,75.7873,Surat,21.1702,72.8311,206,3.89,24
S82,Nashik,19.9975,73.7898,Nagpur,21.1458,79.0882,168,1.21,48
S83,Nashik,19.9975,73.7898,Hyderabad,17.385,78.4867,367,2.2,48
S84,Nagpur,21.1458,79.0882,Surat,21.1702,72.8311,594,3.43,36
S85,Jaipur,26.9124,75.7873,Hyderabad,17.385,78.4867,630,1.2,24
S86,Vadodara,22.3072,73.1812,Surat,21.1702,72.8311,565,1.66,36
S87,Surat,21.1702,72.8311,Jaipur,26.9124,75.7873,569,3.36,24
S88,Nagpur,21.1458,79.0882,Vadodara,22.3072,73.1812,295,3.29,48
S89,Nashik,19.9975,73.7898,Mumbai,19.076,72.8777,208,0.74,48
S90,Surat,21.1702,72.8311,Mumbai,19.076,72.8777,518,0.63,36
S91,Jaipur,26.9124,75.7873,Pune,18.5204,73.8567,311,3.13,24
S92,Indore,22.7196,75.8577,Nagpur,21.1458,79.0882,177,1.85,24
S93,Nagpur,21.1458,79.0882,Vadodara,22.3072,73.1812,176,1.69,24
S94,Nashik,19.9975,73.7898,Mumbai,19.076,72.8777,267,0.54,24
S95,Hyderabad,17.385,78.4867,Nagpur,21.1458,79.0882,132,0.89,48
S96,Jaipur,26.9124,75.7873,Vadodara,22.3072,73.1812,488,1.92,24
S97,Ahmedabad,23.0225,72.5714,Nagpur,21.1458,79.0882,300,1.73,24
S98,Nashik,19.9975,73.7898,Hyderabad,17.385,78.4867,698,0.69,36
S99,Pune,18.5204,73.8567,Nashik,19.9975,73.7898,569,3.57,24
S100,Vadodara,22.3072,73.1812,Jaipur,26.9124,75.7873,674,1.01,36
S101,Pune,18.5204,73.8567,Ahmedabad,23.0225,72.5714,464,0.8,48
S102,Vadodara,22.3072,73.1812,Indore,22.7196,75.8577,290,2.51,48
S103,Vadodara,22.3072,73.1812,Ahmedabad,23.0225,72.5714,339,1.12,24
S104,Hyderabad,17.385,78.4867,Nagpur,21.1458,79.0882,170,1.55,48
S105,Vadodara,22.3072,73.1812,Nashik,19.9975,73.7898,560,3.68,24
S106,Surat,21.1702,72.8311,Jaipur,26.9124,75.7873,696,1.31,24
S107,Nagpur,21.1458,79.0882,Nashik,19.9975,73.7898,418,1.38,24
S108,Nashik,19.9975,73.7898,Mumbai,19.076,72.8777,163,2.22,24
S109,Indore,22.7196,75.8577,Nagpur,21.1458,79.0882,375,3.72,48
S110,Pune,18.5204,73.8567,Nashik,19.9975,73.7898,431,0.89,48
S111,Surat,21.1702,72.8311,Nagpur,21.1458,79.0882,262,1.56,36
S112,Mumbai,19.076,72.8777,Indore,22.7196,75.8577,262,2.96,48
S113,Nashik,19.9975,73.7898,Surat,21.1702,72.8311,304,2.45,36
S114,Mumbai,19.076,72.8777,Indore,22.7196,75.8577,486,3.64,24
S115,Indore,22.7196,75.8577,Ahmedabad,23.0225,72.5714,292,2.92,36
S116,Surat,21.1702,72.8311,Nagpur,21.1458,79.0882,605,3.56,36
S117,Indore,22.7196,75.8577,Nashik,19.9975,73.7898,623,0.8,36
S118,Pune,18.5204,73.8567,Ahmedabad,23.0225,72.5714,320,2.8,24
S119,Indore,22.7196,75.8577,Vadodara,22.3072,73.1812,453,2.54,48
S120,Surat,21.1702,72.8311,Pune,18.5204,73.8567,264,0.92,24
S121,Jaipur,26.9124,75.7873,Vadodara,22.3072,73.1812,553,0.56,48
S122,Nashik,19.9975,73.7898,Nagpur,21.1458,79.0882,682,3.45,48
S123,Vadodara,22.3072,73.1812,Indore,22.7196,75.8577,390,3.9,24
S124,Nashik,19.9975,73.7898,Surat,21.1702,72.8311,569,0.87,36
S125,Ahmedabad,23.0225,72.5714,Pune,18.5204,73.8567,299,0.95,48
S126,Mumbai,19.076,72.8777,Surat,21.1702,72.8311,463,1.55,48
S127,Vadodara,22.3072,73.1812,Mumbai,19.076,72.8777,407,1.17,48
S128,Nashik,19.9975,73.7898,Surat,21.1702,72.8311,578,2.22,36
S129,Nagpur,21.1458,79.0882,Hyderabad,17.385,78.4867,327,1.65,24
S130,Pune,18.5204,73.8567,Vadodara,22.3072,73.1812,655,3.56,36
S131,Ahmedabad,23.0225,72.5714,Hyderabad,17.385,78.4867,456,3.07,36
S132,Nagpur,21.1458,79.0882,Hyderabad,17.385,78.4867,668,0.81,48
S133,Mumbai,19.076,72.8777,Indore,22.7196,75.8577,694,2.26,24
S134,Vadodara,22.3072,73.1812,Indore,22.7196,75.8577,161,1.41,24
S135,Indore,22.7196,75.8577,Hyderabad,17.385,78.4867,603,2.33,48
S136,Vadodara,22.3072,73.1812,Indore,22.7196,75.8577,311,1.56,48
S137,Nashik,19.9975,73.7898,Surat,21.1702,72.8311,253,3.55,48
S138,Mumbai,19.076,72.8777,Indore,22.7196,75.8577,368,1.22,24
S139,Hyderabad,17.385,78.4867,Nashik,19.9975,73.7898,364,0.72,24
S140,Mumbai,19.076,72.8777,Indore,22.7196,75.8577,449,1.66,36
S141,Nagpur,21.1458,79.0882,Vadodara,22.3072,73.1812,258,0.55,48
S142,Jaipur,26.9124,75.7873,Indore,22.7196,75.8577,566,2.4,48
S143,Pune,18.5204,73.8567,Ahmedabad,23.0225,72.5714,490,3.56,48
S144,Jaipur,26.9124,75.7873,Ahmedabad,23.0225,72.5714,566,2.46,24
S145,Hyderabad,17.385,78.4867,Pune,18.5204,73.8567,511,0.98,36
S146,Nashik,19.9975,73.7898,Mumbai,19.076,72.8777,281,0.64,48
S147,Surat,21.1702,72.8311,Hyderabad,17.385,78.4867,491,3.26,36
S148,Jaipur,26.9124,75.7873,Surat,21.1702,72.8311,176,0.59,36
S149,Mumbai,19.076,72.8777,Nashik,19.9975,73.7898,388,3.72,48
S150,Indore,22.7196,75.8577,Mumbai,19.076,72.8777,472,3.74,48
S151,Hyderabad,17.385,78.4867,Ahmedabad,23.0225,72.5714,308,3.67,24
S152,Pune,18.5204,73.8567,Hyderabad,17.385,78.4867,234,1.78,24
S153,Hyderabad,17.385,78.4867,Indore,22.7196,75.8577,634,1.31,36
S154,Pune,18.5204,73.8567,Indore,22.7196,75.8577,562,2.07,48
S155,Vadodara,22.3072,73.1812,Nagpur,21.1458,79.0882,597,3.3,48
S156,Nagpur,21.1458,79.0882,Surat,21.1702,72.8311,224,3.99,24
S157,Ahmedabad,23.0225,72.5714,Nashik,19.9975,73.7898,375,1.39,36
S158,Nashik,19.9975,73.7898,Mumbai,19.076,72.8777,288,2.28,48
S159,Nagpur,21.1458,79.0882,Surat,21.1702,72.8311,401,2.46,36
S160,Nagpur,21.1458,79.0882,Nashik,19.9975,73.7898,624,2.39,48
S161,Mumbai,19.076,72.8777,Nashik,19.9975,73.7898,613,2.59,36
S162,Indore,22.7196,75.8577,Vadodara,22.3072,73.1812,470,1.72,36
S163,Nashik,19.9975,73.7898,Nagpur,21.1458,79.0882,486,2.83,48
S164,Mumbai,19.076,72.8777,Pune,18.5204,73.8567,300,2.91,36
S165,Jaipur,26.9124,75.7873,Pune,18.5204,73.8567,491,0.75,24
S166,Ahmedabad,23.0225,72.5714,Nashik,19.9975,73.7898,688,1.09,24
S167,Ahmedabad,23.0225,72.5714,Jaipur,26.9124,75.7873,317,0.69,36
S168,Indore,22.7196,75.8577,Nagpur,21.1458,79.0882,368,1.39,48
S169,Jaipur,26.9124,75.7873,Hyderabad,17.385,78.4867,646,1.05,36
S170,Nashik,19.9975,73.7898,Pune,18.5204,73.8567,684,1.18,36
S171,Mumbai,19.076,72.8777,Nagpur,21.1458,79.0882,600,3.66,24
S172,Vadodara,22.3072,73.1812,Jaipur,26.9124,75.7873,311,2.57,48
S173,Nashik,19.9975,73.7898,Ahmedabad,23.0225,72.5714,426,2.15,24
S174,Indore,22.7196,75.8577,Vadodara,22.3072,73.1812,611,0.88,36
S175,Mumbai,19.076,72.8777,Hyderabad,17.385,78.4867,275,2.28,36
S176,Pune,18.5204,73.8567,Nashik,19.9975,73.7898,405,0.6,24
S177,Mumbai,19.076,72.8777,Nagpur,21.1458,79.0882,401,2.06,24
S178,Indore,22.7196,75.8577,Hyderabad,17.385,78.4867,500,0.83,36
S179,Vadodara,22.3072,73.1812,Indore,22.7196,75.8577,175,2.83,48
S180,Mumbai,19.076,72.8777,Hyderabad,17.385,78.4867,635,0.97,24
S181,Hyderabad,17.385,78.4867,Indore,22.7196,75.8577,113,2.94,24
S182,Hyderabad,17.385,78.4867,Ahmedabad,23.0225,72.5714,251,2.63,48
S183,Mumbai,19.076,72.8777,Ahmedabad,23.0225,72.5714,216,0.89,48
S184,Mumbai,19.076,72.8777,Nagpur,21.1458,79.0882,276,0.63,36
S185,Jaipur,26.9124,75.7873,Nagpur,21.1458,79.0882,433,3.21,24
S186,Nashik,19.9975,73.7898,Indore,22.7196,75.8577,124,3.32,36
S187,Hyderabad,17.385,78.4867,Vadodara,22.3072,73.1812,391,2.94,48
S188,Nashik,19.9975,73.7898,Ahmedabad,23.0225,72.5714,323,3.88,24
S189,Nashik,19.9975,73.7898,Ahmedabad,23.0225,72.5714,116,3.97,48
S190,Jaipur,26.9124,75.7873,Vadodara,22.3072,73.1812,117,3.4,36
S191,Nagpur,21.1458,79.0882,Mumbai,19.076,72.8777,674,1.97,24
S192,Nashik,19.9975,73.7898,Mumbai,19.076,72.8777,421,1.24,24
S193,Surat,21.1702,72.8311,Pune,18.5204,73.8567,394,0.58,24
S194,Indore,22.7196,75.8577,Mumbai,19.076,72.8777,273,1.44,36
S195,Hyderabad,17.385,78.4867,Surat,21.1702,72.8311,638,1.57,48
S196,Mumbai,19.076,72.8777,Ahmedabad,23.0225,72.5714,378,1.33,48
S197,Ahmedabad,23.0225,72.5714,Mumbai,19.076,72.8777,468,3.59,48
S198,Nagpur,21.1458,79.0882,Indore,22.7196,75.8577,421,3.16,36
S199,Indore,22.7196,75.8577,Jaipur,26.9124,75.7873,633,2.75,24
S200,Vadodara,22.3072,73.1812,Nashik,19.9975,73.7898,689,3.06,48
S201,Nashik,19.9975,73.7898,Mumbai,19.076,72.8777,373,3.45,36
S202,Pune,18.5204,73.8567,Indore,22.7196,75.8577,252,1.72,36
S203,Jaipur,26.9124,75.7873,Vadodara,22.3072,73.1812,228,3.69,48
S204,Ahmedabad,23.0225,72.5714,Pune,18.5204,73.8567,620,2.44,24
S205,Nagpur,21.1458,79.0882,Jaipur,26.9124,75.7873,102,3.47,24
S206,Vadodara,22.3072,73.1812,Ahmedabad,23.0225,72.5714,124,1.43,36
S207,Ahmedabad,23.0225,72.5714,Vadodara,22.3072,73.1812,442,1.89,24
S208,Jaipur,26.9124,75.7873,Vadodara,22.3072,73.1812,388,0.63,24
S209,Jaipur,26.9124,75.7873,Nashik,19.9975,73.7898,260,2.06,48
S210,Pune,18.5204,73.8567,Surat,21.1702,72.8311,417,1.33,36
S211,Ahmedabad,23.0225,72.5714,Indore,22.7196,75.8577,647,3.12,24
S212,Pune,18.5204,73.8567,Surat,21.1702,72.8311,334,2.38,48
S213,Vadodara,22.3072,73.1812,Indore,22.7196,75.8577,601,0.66,24
S214,Indore,22.7196,75.8577,Surat,21.1702,72.8311,289,3.31,48
S215,Ahmedabad,23.0225,72.5714,Indore,22.7196,75.8577,295,1.35,48
S216,Nagpur,21.1458,79.0882,Vadodara,22.3072,73.1812,603,3.51,24
S217,Vadodara,22.3072,73.1812,Ahmedabad,23.0225,72.5714,467,1.65,36
S218,Nagpur,21.1458,79.0882,Ahmedabad,23.0225,72.5714,156,3.12,36
S219,Vadodara,22.3072,73.1812,Pune,18.5204,73.8567,585,1.19,24
S220,Mumbai,19.076,72.8777,Jaipur,26.9124,75.7873,350,3.5,24
S221,Mumbai,19.076,72.8777,Jaipur,26.9124,75.7873,207,3.6,24
S222,Nagpur,21.1458,79.0882,Pune,18.5204,73.8567,544,1.25,24
S223,Pune,18.5204,73.8567,Mumbai,19.076,72.8777,336,0.59,36
S224,Nashik,19.9975,73.7898,Ahmedabad,23.0225,72.5714,199,2.29,36
S225,Surat,21.1702,72.8311,Vadodara,22.3072,73.1812,423,2.79,48
S226,Vadodara,22.3072,73.1812,Ahmedabad,23.0225,72.5714,577,2.42,36
S227,Pune,18.5204,73.8567,Mumbai,19.076,72.8777,224,1.17,24
S228,Nagpur,21.1458,79.0882,Nashik,19.9975,73.7898,345,2.73,36
S229,Nagpur,21.1458,79.0882,Pune,18.5204,73.8567,644,2.9,48
S230,Surat,21.1702,72.8311,Nashik,19.9975,73.7898,580,2.49,48
S231,Nagpur,21.1458,79.0882,Jaipur,26.9124,75.7873,471,0.8,24
S232,Nashik,19.9975,73.7898,Jaipur,26.9124,75.7873,555,2.0,24
S233,Hyderabad,17.385,78.4867,Vadodara,22.3072,73.1812,675,2.2,48
S234,Surat,21.1702,72.8311,Indore,22.7196,75.8577,592,2.68,24
S235,Jaipur,26.9124,75.7873,Hyderabad,17.385,78.4867,405,3.55,36
S236,Ahmedabad,23.0225,72.5714,Vadodara,22.3072,73.1812,126,1.68,36
S237,Surat,21.1702,72.8311,Indore,22.7196,75.8577,402,3.2,48
S238,Indore,22.7196,75.8577,Surat,21.1702,72.8311,639,1.49,48
S239,Pune,18.5204,73.8567,Surat,21.1702,72.8311,469,2.56,24
S240,Surat,21.1702,72.8311,Pune,18.5204,73.8567,318,1.72,48
S241,Nagpur,21.1458,79.0882,Mumbai,19.076,72.8777,490,3.7,24
S242,Indore,22.7196,75.8577,Mumbai,19.076,72.8777,375,3.5,48
S243,Nagpur,21.1458,79.0882,Mumbai,19.076,72.8777,321,3.32,48
S244,Hyderabad,17.385,78.4867,Pune,18.5204,73.8567,632,3.23,36
S245,Pune,18.5204,73.8567,Mumbai,19.076,72.8777,468,1.4,24
S246,Vadodara,22.3072,73.1812,Ahmedabad,23.0225,72.5714,544,2.1,36
S247,Indore,22.7196,75.8577,Nashik,19.9975,73.7898,588,3.52,24
S248,Vadodara,22.3072,73.1812,Indore,22.7196,75.8577,681,3.34,36
S249,Indore,22.7196,75.8577,Jaipur,26.9124,75.7873,693,3.3,48
S250,Pune,18.5204,73.8567,Vadodara,22.3072,73.1812,134,1.89,36
S251,Surat,21.1702,72.8311,Mumbai,19.076,72.8777,604,3.57,36
S252,Nagpur,21.1458,79.0882,Ahmedabad,23.0225,72.5714,249,0.65,24
S253,Hyderabad,17.385,78.4867,Surat,21.1702,72.8311,679,0.68,24
S254,Mumbai,19.076,72.8777,Pune,18.5204,73.8567,271,0.68,48
S255,Hyderabad,17.385,78.4867,Surat,21.1702,72.8311,173,0.97,36
S256,Vadodara,22.3072,73.1812,Nagpur,21.1458,79.0882,138,2.11,24
S257,Nagpur,21.1458,79.0882,Indore,22.7196,75.8577,635,1.07,48
S258,Nashik,19.9975,73.7898,Pune,18.5204,73.8567,524,2.75,48
S259,Pune,18.5204,73.8567,Surat,21.1702,72.8311,483,1.53,36
S260,Nagpur,21.1458,79.0882,Pune,18.5204,73.8567,519,3.09,24
S261,Mumbai,19.076,72.8777,Hyderabad,17.385,78.4867,133,3.61,48
S262,Nagpur,21.1458,79.0882,Ahmedabad,23.0225,72.5714,293,2.84,24
S263,Hyderabad,17.385,78.4867,Vadodara,22.3072,73.1812,547,2.64,48
S264,Pune,18.5204,73.8567,Hyderabad,17.385,78.4867,536,1.22,48
S265,Surat,21.1702,72.8311,Mumbai,19.076,72.8777,484,3.94,48
S266,Indore,22.7196,75.8577,Hyderabad,17.385,78.4867,198,0.58,48
S267,Ahmedabad,23.0225,72.5714,Nagpur,21.1458,79.0882,512,0.7,24
S268,Vadodara,22.3072,73.1812,Pune,18.5204,73.8567,181,3.53,48
S269,Surat,21.1702,72.8311,Hyderabad,17.385,78.4867,601,3.69,24
S270,Nashik,19.9975,73.7898,Ahmedabad,23.0225,72.5714,305,1.85,36
S271,Mumbai,19.076,72.8777,Jaipur,26.9124,75.7873,138,1.82,48
S272,Nagpur,21.1458,79.0882,Pune,18.5204,73.8567,431,2.72,36
S273,Surat,21.1702,72.8311,Ahmedabad,23.0225,72.5714,538,3.0,24
S274,Vadodara,22.3072,73.1812,Mumbai,19.076,72.8777,473,0.76,48
S275,Surat,21.1702,72.8311,Pune,18.5204,73.8567,113,2.97,48
S276,Nagpur,21.1458,79.0882,Indore,22.7196,75.8577,519,3.51,48
S277,Ahmedabad,23.0225,72.5714,Mumbai,19.076,72.8777,461,3.43,36
S278,Hyderabad,17.385,78.4867,Ahmedabad,23.0225,72.5714,264,2.87,48
S279,Vadodara,22.3072,73.1812,Nagpur,21.1458,79.0882,343,1.7,36
S280,Nashik,19.9975,73.7898,Vadodara,22.3072,73.1812,675,2.46,36
S281,Nashik,19.9975,73.7898,Nagpur,21.1458,79.0882,622,3.62,24
S282,Hyderabad,17.385,78.4867,Mumbai,19.076,72.8777,417,2.85,48
S283,Surat,21.1702,72.8311,Mumbai,19.076,72.8777,659,0.51,36
S284,Surat,21.1702,72.8311,Vadodara,22.3072,73.1812,513,2.3,48
S285,Jaipur,26.9124,75.7873,Nashik,19.9975,73.7898,515,3.76,48
S286,Pune,18.5204,73.8567,Ahmedabad,23.0225,72.5714,127,3.56,36
S287,Hyderabad,17.385,78.4867,Surat,21.1702,72.8311,106,1.37,36
S288,Indore,22.7196,75.8577,Mumbai,19.076,72.8777,294,1.93,24
S289,Vadodara,22.3072,73.1812,Nashik,19.9975,73.7898,649,2.76,36
S290,Surat,21.1702,72.8311,Nagpur,21.1458,79.0882,366,3.8,24
S291,Nashik,19.9975,73.7898,Vadodara,22.3072,73.1812,175,0.59,36
S292,Surat,21.1702,72.8311,Nashik,19.9975,73.7898,467,2.67,36
S293,Nagpur,21.1458,79.0882,Ahmedabad,23.0225,72.5714,368,3.93,48
S294,Nashik,19.9975,73.7898,Hyderabad,17.385,78.4867,486,0.7,48
S295,Mumbai,19.076,72.8777,Ahmedabad,23.0225,72.5714,422,3.9,24
S296,Pune,18.5204,73.8567,Surat,21.1702,72.8311,291,0.52,24
S297,Hyderabad,17.385,78.4867,Surat,21.1702,72.8311,233,1.46,48
S298,Vadodara,22.3072,73.1812,Mumbai,19.076,72.8777,589,1.01,36
S299,Hyderabad,17.385,78.4867,Nagpur,21.1458,79.0882,239,2.1,36
S300,Jaipur,26.9124,75.7873,Vadodara,22.3072,73.1812,471,3.29,48
S301,Ahmedabad,23.0225,72.5714,Pune,18.5204,73.8567,190,0.56,36
S302,Nashik,19.9975,73.7898,Ahmedabad,23.0225,72.5714,619,1.31,36
S303,Indore,22.7196,75.8577,Pune,18.5204,73.8567,469,2.16,36
S304,Jaipur,26.9124,75.7873,Nashik,19.9975,73.7898,252,2.54,36
S305,Nagpur,21.1458,79.0882,Surat,21.1702,72.8311,488,3.78,36
S306,Mumbai,19.076,72.8777,Vadodara,22.3072,73.1812,297,2.38,24
S307,Hyderabad,17.385,78.4867,Nagpur,21.1458,79.0882,212,1.23,36
S308,Indore,22.7196,75.8577,Jaipur,26.9124,75.7873,400,3.29,24
S309,Ahmedabad,23.0225,72.5714,Mumbai,19.076,72.8777,454,3.79,48
S310,Nagpur,21.1458,79.0882,Nashik,19.9975,73.7898,688,1.25,48
S311,Ahmedabad,23.0225,72.5714,Vadodara,22.3072,73.1812,506,1.57,48
S312,Jaipur,26.9124,75.7873,Nagpur,21.1458,79.0882,621,2.41,48
S313,Nashik,19.9975,73.7898,Mumbai,19.076,72.8777,568,3.88,48
S314,Nashik,19.9975,73.7898,Jaipur,26.9124,75.7873,696,3.37,24
S315,Surat,21.1702,72.8311,Hyderabad,17.385,78.4867,412,2.5,36
S316,Nashik,19.9975,73.7898,Nagpur,21.1458,79.0882,644,0.99,48
S317,Mumbai,19.076,72.8777,Pune,18.5204,73.8567,300,3.6,48
S318,Hyderabad,17.385,78.4867,Jaipur,26.9124,75.7873,178,2.26,36
S319,Indore,22.7196,75.8577,Nagpur,21.1458,79.0882,205,2.56,36
S320,Pune,18.5204,73.8567,Vadodara,22.3072,73.1812,193,0.86,24
S321,Surat,21.1702,72.8311,Pune,18.5204,73.8567,406,0.65,24
S322,Surat,21.1702,72.8311,Vadodara,22.3072,73.1812,640,0.68,36
S323,Mumbai,19.076,72.8777,Indore,22.7196,75.8577,436,3.78,24
S324,Indore,22.7196,75.8577,Nagpur,21.1458,79.0882,586,0.95,36
S325,Mumbai,19.076,72.8777,Jaipur,26.9124,75.7873,431,2.45,48
S326,Nagpur,21.1458,79.0882,Vadodara,22.3072,73.1812,419,1.4,24
S327,Indore,22.7196,75.8577,Surat,21.1702,72.8311,563,1.75,24
S328,Mumbai,19.076,72.8777,Indore,22.7196,75.8577,157,2.1,24
S329,Mumbai,19.076,72.8777,Vadodara,22.3072,73.1812,470,0.78,48
S330,Mumbai,19.076,72.8777,Nashik,19.9975,73.7898,432,1.39,24
S331,Mumbai,19.076,72.8777,Jaipur,26.9124,75.7873,581,2.14,48
S332,Nashik,19.9975,73.7898,Vadodara,22.3072,73.1812,244,1.6,24
S333,Indore,22.7196,75.8577,Nagpur,21.1458,79.0882,665,1.06,36
S334,Pune,18.5204,73.8567,Indore,22.7196,75.8577,419,3.6,24
S335,Nashik,19.9975,73.7898,Hyderabad,17.385,78.4867,102,2.45,24
S336,Vadodara,22.3072,73.1812,Mumbai,19.076,72.8777,294,1.6,48
S337,Pune,18.5204,73.8567,Surat,21.1702,72.8311,620,2.7,24
S338,Vadodara,22.3072,73.1812,Surat,21.1702,72.8311,292,0.73,36
S339,Mumbai,19.076,72.8777,Vadodara,22.3072,73.1812,338,1.66,48
S340,Indore,22.7196,75.8577,Pune,18.5204,73.8567,181,0.55,36
S341,Vadodara,22.3072,73.1812,Jaipur,26.9124,75.7873,689,2.93,48
S342,Indore,22.7196,75.8577,Hyderabad,17.385,78.4867,362,1.91,36
S343,Surat,21.1702,72.8311,Jaipur,26.9124,75.7873,236,1.14,48
S344,Mumbai,19.076,72.8777,Ahmedabad,23.0225,72.5714,623,3.04,36
S345,Indore,22.7196,75.8577,Nagpur,21.1458,79.0882,518,3.02,36
S346,Mumbai,19.076,72.8777,Pune,18.5204,73.8567,157,1.73,48
S347,Mumbai,19.076,72.8777,Nashik,19.9975,73.7898,528,2.45,24
S348,Jaipur,26.9124,75.7873,Nashik,19.9975,73.7898,251,1.44,48
S349,Jaipur,26.9124,75.7873,Surat,21.1702,72.8311,434,0.72,36
S350,Vadodara,22.3072,73.1812,Pune,18.5204,73.8567,474,2.2,24
S351,Indore,22.7196,75.8577,Nagpur,21.1458,79.0882,268,2.99,24
S352,Jaipur,26.9124,75.7873,Pune,18.5204,73.8567,284,3.19,36
S353,Pune,18.5204,73.8567,Nashik,19.9975,73.7898,661,3.23,24
S354,Hyderabad,17.385,78.4867,Indore,22.7196,75.8577,689,2.1,24
S355,Indore,22.7196,75.8577,Mumbai,19.076,72.8777,589,1.04,48
S356,Nashik,19.9975,73.7898,Jaipur,26.9124,75.7873,218,2.65,48
S357,Ahmedabad,23.0225,72.5714,Pune,18.5204,73.8567,244,2.75,48
S358,Jaipur,26.9124,75.7873,Mumbai,19.076,72.8777,477,2.72,36
S359,Jaipur,26.9124,75.7873,Indore,22.7196,75.8577,114,1.75,36
S360,Surat,21.1702,72.8311,Vadodara,22.3072,73.1812,604,3.35,24
S361,Surat,21.1702,72.8311,Nashik,19.9975,73.7898,249,3.62,36
S362,Hyderabad,17.385,78.4867,Surat,21.1702,72.8311,641,1.9,24
S363,Ahmedabad,23.0225,72.5714,Jaipur,26.9124,75.7873,228,0.95,48
S364,Indore,22.7196,75.8577,Pune,18.5204,73.8567,672,3.18,24
S365,Nagpur,21.1458,79.0882,Mumbai,19.076,72.8777,563,0.63,48
S366,Pune,18.5204,73.8567,Hyderabad,17.385,78.4867,488,3.84,24
S367,Mumbai,19.076,72.8777,Nashik,19.9975,73.7898,161,2.93,36
S368,Pune,18.5204,73.8567,Hyderabad,17.385,78.4867,663,3.1,36
S369,Vadodara,22.3072,73.1812,Indore,22.7196,75.8577,167,0.9,36
S370,Pune,18.5204,73.8567,Vadodara,22.3072,73.1812,364,4.0,36
S371,Jaipur,26.9124,75.7873,Surat,21.1702,72.8311,516,3.31,36
S372,Nagpur,21.1458,79.0882,Mumbai,19.076,72.8777,327,3.79,48
S373,Jaipur,26.9124,75.7873,Mumbai,19.076,72.8777,291,3.75,48
S374,Nashik,19.9975,73.7898,Jaipur,26.9124,75.7873,246,0.64,36
S375,Vadodara,22.3072,73.1812,Nagpur,21.1458,79.0882,473,1.43,36
S376,Ahmedabad,23.0225,72.5714,Jaipur,26.9124,75.7873,232,1.71,36
S377,Vadodara,22.3072,73.1812,Hyderabad,17.385,78.4867,195,3.87,36
S378,Hyderabad,17.385,78.4867,Pune,18.5204,73.8567,618,1.06,36
S379,Surat,21.1702,72.8311,Mumbai,19.076,72.8777,223,2.71,24
S380,Nagpur,21.1458,79.0882,Ahmedabad,23.0225,72.5714,500,2.75,36
S381,Surat,21.1702,72.8311,Nagpur,21.1458,79.0882,515,1.83,48
S382,Jaipur,26.9124,75.7873,Nashik,19.9975,73.7898,164,3.8,24
S383,Nashik,19.9975,73.7898,Pune,18.5204,73.8567,202,1.99,36
S384,Ahmedabad,23.0225,72.5714,Nashik,19.9975,73.7898,378,1.16,24
S385,Surat,21.1702,72.8311,Mumbai,19.076,72.8777,611,3.62,48
S386,Pune,18.5204,73.8567,Hyderabad,17.385,78.4867,264,3.63,24
S387,Indore,22.7196,75.8577,Ahmedabad,23.0225,72.5714,300,2.72,24
S388,Mumbai,19.076,72.8777,Indore,22.7196,75.8577,381,2.27,36
S389,Surat,21.1702,72.8311,Jaipur,26.9124,75.7873,459,1.92,48
S390,Surat,21.1702,72.8311,Nashik,19.9975,73.7898,444,3.34,48
S391,Hyderabad,17.385,78.4867,Jaipur,26.9124,75.7873,669,2.15,24
S392,Jaipur,26.9124,75.7873,Nagpur,21.1458,79.0882,179,3.55,24
S393,Nagpur,21.1458,79.0882,Indore,22.7196,75.8577,157,1.2,24
S394,Pune,18.5204,73.8567,Vadodara,22.3072,73.1812,583,1.6,36
S395,Ahmedabad,23.0225,72.5714,Surat,21.1702,72.8311,132,2.68,24
S396,Mumbai,19.076,72.8777,Jaipur,26.9124,75.7873,696,3.3,48
S397,Vadodara,22.3072,73.1812,Indore,22.7196,75.8577,674,3.95,24
S398,Surat,21.1702,72.8311,Hyderabad,17.385,78.4867,566,3.97,36
S399,Surat,21.1702,72.8311,Indore,22.7196,75.8577,524,3.61,36
S400,Surat,21.1702,72.8311,Hyderabad,17.385,78.4867,233,3.14,48
S401,Pune,18.5204,73.8567,Ahmedabad,23.0225,72.5714,512,1.49,24
S402,Ahmedabad,23.0225,72.5714,Indore,22.7196,75.8577,178,3.08,36
S403,Indore,22.7196,75.8577,Vadodara,22.3072,73.1812,556,2.49,36
S404,Jaipur,26.9124,75.7873,Nagpur,21.1458,79.0882,563,3.15,48
S405,Indore,22.7196,75.8577,Mumbai,19.076,72.8777,438,1.73,36
S406,Surat,21.1702,72.8311,Nashik,19.9975,73.7898,573,1.97,24
S407,Surat,21.1702,72.8311,Jaipur,26.9124,75.7873,625,2.12,48
S408,Indore,22.7196,75.8577,Hyderabad,17.385,78.4867,372,3.83,48
S409,Pune,18.5204,73.8567,Vadodara,22.3072,73.1812,106,2.47,48
S410,Hyderabad,17.385,78.4867,Surat,21.1702,72.8311,429,3.01,36
S411,Vadodara,22.3072,73.1812,Surat,21.1702,72.8311,588,3.88,36
S412,Nashik,19.9975,73.7898,Indore,22.7196,75.8577,569,3.75,36
S413,Nagpur,21.1458,79.0882,Mumbai,19.076,72.8777,643,3.6,48
S414,Vadodara,22.3072,73.1812,Surat,21.1702,72.8311,495,3.99,24
S415,Ahmedabad,23.0225,72.5714,Indore,22.7196,75.8577,692,1.65,48
S416,Jaipur,26.9124,75.7873,Mumbai,19.076,72.8777,514,1.6,24
S417,Jaipur,26.9124,75.7873,Surat,21.1702,72.8311,137,1.2,36
S418,Mumbai,19.076,72.8777,Surat,21.1702,72.8311,267,1.71,36
S419,Ahmedabad,23.0225,72.5714,Surat,21.1702,72.8311,414,3.93,24
S420,Jaipur,26.9124,75.7873,Vadodara,22.3072,73.1812,631,2.29,36
S421,Hyderabad,17.385,78.4867,Nashik,19.9975,73.7898,306,1.97,36
S422,Pune,18.5204,73.8567,Ahmedabad,23.0225,72.5714,614,1.15,36
S423,Vadodara,22.3072,73.1812,Surat,21.1702,72.8311,587,1.33,36
S424,Indore,22.7196,75.8577,Ahmedabad,23.0225,72.5714,577,3.61,48
S425,Ahmedabad,23.0225,72.5714,Nagpur,21.1458,79.0882,351,3.7,36
S426,Indore,22.7196,75.8577,Nagpur,21.1458,79.0882,160,0.71,36
S427,Ahmedabad,23.0225,72.5714,Mumbai,19.076,72.8777,674,1.18,36
S428,Vadodara,22.3072,73.1812,Mumbai,19.076,72.8777,123,3.9,48
S429,Mumbai,19.076,72.8777,Ahmedabad,23.0225,72.5714,162,3.68,48
S430,Nagpur,21.1458,79.0882,Pune,18.5204,73.8567,633,3.64,48
S431,Ahmedabad,23.0225,72.5714,Nashik,19.9975,73.7898,145,3.32,36
S432,Hyderabad,17.385,78.4867,Jaipur,26.9124,75.7873,514,1.52,48
S433,Ahmedabad,23.0225,72.5714,Nashik,19.9975,73.7898,568,3.19,48
S434,Jaipur,26.9124,75.7873,Nashik,19.9975,73.7898,416,0.56,36
S435,Hyderabad,17.385,78.4867,Mumbai,19.076,72.8777,673,2.77,48
S436,Indore,22.7196,75.8577,Nashik,19.9975,73.7898,563,2.13,36
S437,Indore,22.7196,75.8577,Hyderabad,17.385,78.4867,466,1.64,24
S438,Indore,22.7196,75.8577,Ahmedabad,23.0225,72.5714,487,0.58,48
S439,Mumbai,19.076,72.8777,Hyderabad,17.385,78.4867,145,0.79,48
S440,Nagpur,21.1458,79.0882,Indore,22.7196,75.8577,349,2.95,48
S441,Pune,18.5204,73.8567,Surat,21.1702,72.8311,493,1.35,36
S442,Ahmedabad,23.0225,72.5714,Surat,21.1702,72.8311,641,1.76,48
S443,Jaipur,26.9124,75.7873,Vadodara,22.3072,73.1812,450,2.54,24
S444,Nashik,19.9975,73.7898,Hyderabad,17.385,78.4867,621,3.63,36
S445,Surat,21.1702,72.8311,Pune,18.5204,73.8567,162,2.49,36
S446,Indore,22.7196,75.8577,Nashik,19.9975,73.7898,649,2.14,36
S447,Nagpur,21.1458,79.0882,Indore,22.7196,75.8577,646,2.59,36
S448,Mumbai,19.076,72.8777,Ahmedabad,23.0225,72.5714,159,3.66,36
S449,Ahmedabad,23.0225,72.5714,Vadodara,22.3072,73.1812,358,2.92,24
S450,Ahmedabad,23.0225,72.5714,Mumbai,19.076,72.8777,113,1.12,24
S451,Nashik,19.9975,73.7898,Jaipur,26.9124,75.7873,348,2.92,36
S452,Pune,18.5204,73.8567,Indore,22.7196,75.8577,233,3.52,48
S453,Mumbai,19.076,72.8777,Surat,21.1702,72.8311,603,0.97,24
S454,Surat,21.1702,72.8311,Pune,18.5204,73.8567,464,1.89,24
S455,Hyderabad,17.385,78.4867,Pune,18.5204,73.8567,328,3.72,48
S456,Pune,18.5204,73.8567,Nagpur,21.1458,79.0882,397,3.09,24
S457,Mumbai,19.076,72.8777,Nagpur,21.1458,79.0882,353,2.47,48
S458,Hyderabad,17.385,78.4867,Ahmedabad,23.0225,72.5714,616,3.3,36
S459,Hyderabad,17.385,78.4867,Mumbai,19.076,72.8777,631,0.57,36
S460,Indore,22.7196,75.8577,Nagpur,21.1458,79.0882,311,2.61,36
S461,Nagpur,21.1458,79.0882,Vadodara,22.3072,73.1812,529,1.09,48
S462,Surat,21.1702,72.8311,Hyderabad,17.385,78.4867,231,0.72,48
S463,Ahmedabad,23.0225,72.5714,Surat,21.1702,72.8311,448,1.47,36
S464,Indore,22.7196,75.8577,Vadodara,22.3072,73.1812,608,2.74,24
S465,Pune,18.5204,73.8567,Jaipur,26.9124,75.7873,268,2.66,36
S466,Mumbai,19.076,72.8777,Ahmedabad,23.0225,72.5714,175,0.88,36
S467,Surat,21.1702,72.8311,Nashik,19.9975,73.7898,357,1.2,36
S468,Ahmedabad,23.0225,72.5714,Jaipur,26.9124,75.7873,121,2.67,24
S469,Nagpur,21.1458,79.0882,Pune,18.5204,73.8567,677,3.35,48
S470,Nashik,19.9975,73.7898,Pune,18.5204,73.8567,664,3.71,36
S471,Mumbai,19.076,72.8777,Ahmedabad,23.0225,72.5714,201,2.59,48
S472,Indore,22.7196,75.8577,Vadodara,22.3072,73.1812,645,2.78,36
S473,Nashik,19.9975,73.7898,Surat,21.1702,72.8311,470,3.38,36
S474,Ahmedabad,23.0225,72.5714,Surat,21.1702,72.8311,327,2.65,48
S475,Ahmedabad,23.0225,72.5714,Nashik,19.9975,73.7898,195,3.5,24
S476,Nagpur,21.1458,79.0882,Vadodara,22.3072,73.1812,672,3.46,36
S477,Jaipur,26.9124,75.7873,Nashik,19.9975,73.7898,501,3.44,36
S478,Nashik,19.9975,73.7898,Hyderabad,17.385,78.4867,109,3.24,36
S479,Nagpur,21.1458,79.0882,Nashik,19.9975,73.7898,245,3.38,48
S480,Pune,18.5204,73.8567,Nagpur,21.1458,79.0882,169,1.46,36
S481,Indore,22.7196,75.8577,Ahmedabad,23.0225,72.5714,568,1.23,36
S482,Jaipur,26.9124,75.7873,Nagpur,21.1458,79.0882,638,3.78,48
S483,Nagpur,21.1458,79.0882,Mumbai,19.076,72.8777,480,0.93,36
S484,Vadodara,22.3072,73.1812,Nagpur,21.1458,79.0882,386,3.18,36
S485,Pune,18.5204,73.8567,Vadodara,22.3072,73.1812,681,2.01,24
S486,Indore,22.7196,75.8577,Mumbai,19.076,72.8777,165,2.19,24
S487,Jaipur,26.9124,75.7873,Ahmedabad,23.0225,72.5714,380,2.43,24
S488,Hyderabad,17.385,78.4867,Vadodara,22.3072,73.1812,364,3.42,48
S489,Ahmedabad,23.0225,72.5714,Pune,18.5204,73.8567,696,2.07,24
S490,Hyderabad,17.385,78.4867,Mumbai,19.076,72.8777,199,1.37,24
S491,Mumbai,19.076,72.8777,Indore,22.7196,75.8577,162,1.06,24
S492,Surat,21.1702,72.8311,Ahmedabad,23.0225,72.5714,218,3.33,36
S493,Nashik,19.9975,73.7898,Mumbai,19.076,72.8777,670,2.43,24
S494,Surat,21.1702,72.8311,Indore,22.7196,75.8577,444,2.52,24
S495,Nashik,19.9975,73.7898,Pune,18.5204,73.8567,569,2.09,48
S496,Ahmedabad,23.0225,72.5714,Jaipur,26.9124,75.7873,290,3.04,24
S497,Vadodara,22.3072,73.1812,Jaipur,26.9124,75.7873,338,1.4,48
S498,Vadodara,22.3072,73.1812,Nashik,19.9975,73.7898,668,1.88,36
S499,Indore,22.7196,75.8577,Hyderabad,17.385,78.4867,220,0.65,36
S500,Nagpur,21.1458,79.0882,Mumbai,19.076,72.8777,691,3.85,48
S501,Ahmedabad,23.0225,72.5714,Surat,21.1702,72.8311,261,3.7,24
S502,Vadodara,22.3072,73.1812,Ahmedabad,23.0225,72.5714,639,3.83,36
S503,Ahmedabad,23.0225,72.5714,Vadodara,22.3072,73.1812,462,1.71,48
S504,Nashik,19.9975,73.7898,Ahmedabad,23.0225,72.5714,589,3.59,48
S505,Nagpur,21.1458,79.0882,Vadodara,22.3072,73.1812,695,3.81,48
S506,Surat,21.1702,72.8311,Nashik,19.9975,73.7898,456,1.67,48
S507,Ahmedabad,23.0225,72.5714,Pune,18.5204,73.8567,265,2.46,36
S508,Vadodara,22.3072,73.1812,Ahmedabad,23.0225,72.5714,227,3.21,36
S509,Mumbai,19.076,72.8777,Nagpur,21.1458,79.0882,444,3.21,24
S510,Mumbai,19.076,72.8777,Nashik,19.9975,73.7898,223,3.74,48
S511,Surat,21.1702,72.8311,Hyderabad,17.385,78.4867,511,1.02,24
S512,Nagpur,21.1458,79.0882,Indore,22.7196,75.8577,590,1.26,36
S513,Nagpur,21.1458,79.0882,Indore,22.7196,75.8577,343,1.5,36
S514,Vadodara,22.3072,73.1812,Indore,22.7196,75.8577,137,1.07,24
S515,Hyderabad,17.385,78.4867,Mumbai,19.076,72.8777,527,0.76,24
S516,Vadodara,22.3072,73.1812,Pune,18.5204,73.8567,157,3.02,48
S517,Ahmedabad,23.0225,72.5714,Pune,18.5204,73.8567,226,3.55,36
S518,Vadodara,22.3072,73.1812,Indore,22.7196,75.8577,139,2.48,36
S519,Vadodara,22.3072,73.1812,Nashik,19.9975,73.7898,517,2.74,36
S520,Ahmedabad,23.0225,72.5714,Mumbai,19.076,72.8777,340,0.9,36
S521,Pune,18.5204,73.8567,Mumbai,19.076,72.8777,196,2.58,48
S522,Nagpur,21.1458,79.0882,Mumbai,19.076,72.8777,141,3.85,24
S523,Nagpur,21.1458,79.0882,Hyderabad,17.385,78.4867,309,1.38,36
S524,Pune,18.5204,73.8567,Hyderabad,17.385,78.4867,506,1.84,36
S525,Indore,22.7196,75.8577,Ahmedabad,23.0225,72.5714,417,2.01,24
S526,Ahmedabad,23.0225,72.5714,Hyderabad,17.385,78.4867,662,2.86,36
S527,Pune,18.5204,73.8567,Ahmedabad,23.0225,72.5714,238,3.57,36
S528,Mumbai,19.076,72.8777,Nagpur,21.1458,79.0882,686,3.64,24
S529,Pune,18.5204,73.8567,Indore,22.7196,75.8577,490,1.89,24
S530,Hyderabad,17.385,78.4867,Indore,22.7196,75.8577,696,3.78,24
S531,Ahmedabad,23.0225,72.5714,Indore,22.7196,75.8577,148,3.45,48
S532,Hyderabad,17.385,78.4867,Nashik,19.9975,73.7898,524,2.83,24
S533,Mumbai,19.076,72.8777,Indore,22.7196,75.8577,629,2.1,24
S534,Nagpur,21.1458,79.0882,Vadodara,22.3072,73.1812,340,1.6,24
S535,Hyderabad,17.385,78.4867,Ahmedabad,23.0225,72.5714,374,2.36,48
S536,Ahmedabad,23.0225,72.5714,Jaipur,26.9124,75.7873,402,2.93,36
S537,Mumbai,19.076,72.8777,Indore,22.7196,75.8577,419,1.73,48
S538,Vadodara,22.3072,73.1812,Pune,18.5204,73.8567,126,2.31,24
S539,Jaipur,26.9124,75.7873,Nagpur,21.1458,79.0882,669,0.95,48
S540,Hyderabad,17.385,78.4867,Jaipur,26.9124,75.7873,632,2.89,48
S541,Ahmedabad,23.0225,72.5714,Indore,22.7196,75.8577,670,3.6,36
S542,Vadodara,22.3072,73.1812,Pune,18.5204,73.8567,436,3.03,48
S543,Jaipur,26.9124,75.7873,Indore,22.7196,75.8577,557,3.0,48
S544,Ahmedabad,23.0225,72.5714,Surat,21.1702,72.8311,455,1.09,24
S545,Hyderabad,17.385,78.4867,Jaipur,26.9124,75.7873,443,1.15,36
S546,Vadodara,22.3072,73.1812,Indore,22.7196,75.8577,519,3.4,24
S547,Surat,21.1702,72.8311,Mumbai,19.076,72.8777,545,3.35,24
S548,Vadodara,22.3072,73.1812,Hyderabad,17.385,78.4867,181,1.96,24
S549,Nagpur,21.1458,79.0882,Hyderabad,17.385,78.4867,392,1.95,24
S550,Ahmedabad,23.0225,72.5714,Mumbai,19.076,72.8777,143,2.05,48
S551,Nashik,19.9975,73.7898,Pune,18.5204,73.8567,568,3.19,48
S552,Surat,21.1702,72.8311,Jaipur,26.9124,75.7873,357,2.6,48
S553,Ahmedabad,23.0225,72.5714,Mumbai,19.076,72.8777,404,1.13,24
S554,Vadodara,22.3072,73.1812,Indore,22.7196,75.8577,533,2.05,24
S555,Pune,18.5204,73.8567,Hyderabad,17.385,78.4867,596,1.5,24
S556,Ahmedabad,23.0225,72.5714,Jaipur,26.9124,75.7873,675,2.56,24
S557,Nashik,19.9975,73.7898,Indore,22.7196,75.8577,135,2.63,36
S558,Mumbai,19.076,72.8777,Surat,21.1702,72.8311,644,0.78,48
S559,Hyderabad,17.385,78.4867,Vadodara,22.3072,73.1812,633,2.95,36
S560,Hyderabad,17.385,78.4867,Vadodara,22.3072,73.1812,698,3.46,36
S561,Ahmedabad,23.0225,72.5714,Surat,21.1702,72.8311,549,1.18,24
S562,Surat,21.1702,72.8311,Jaipur,26.9124,75.7873,280,2.95,36
S563,Ahmedabad,23.0225,72.5714,Nagpur,21.1458,79.0882,480,3.98,24
S564,Hyderabad,17.385,78.4867,Jaipur,26.9124,75.7873,165,1.1,48
S565,Surat,21.1702,72.8311,Hyderabad,17.385,78.4867,325,1.86,24
S566,Pune,18.5204,73.8567,Surat,21.1702,72.8311,115,3.19,36
S567,Nashik,19.9975,73.7898,Pune,18.5204,73.8567,413,3.94,48
S568,Surat,21.1702,72.8311,Jaipur,26.9124,75.7873,572,2.3,36
S569,Indore,22.7196,75.8577,Pune,18.5204,73.8567,378,1.78,48
S570,Nagpur,21.1458,79.0882,Surat,21.1702,72.8311,679,2.86,48
S571,Hyderabad,17.385,78.4867,Nagpur,21.1458,79.0882,416,3.85,24
S572,Vadodara,22.3072,73.1812,Jaipur,26.9124,75.7873,221,0.85,24
S573,Hyderabad,17.385,78.4867,Surat,21.1702,72.8311,160,1.24,48
S574,Hyderabad,17.385,78.4867,Mumbai,19.076,72.8777,628,1.08,36
S575,Indore,22.7196,75.8577,Ahmedabad,23.0225,72.5714,372,3.14,24
S576,Surat,21.1702,72.8311,Hyderabad,17.385,78.4867,194,0.68,48
S577,Ahmedabad,23.0225,72.5714,Jaipur,26.9124,75.7873,282,2.53,36
S578,Pune,18.5204,73.8567,Hyderabad,17.385,78.4867,225,0.58,36
S579,Pune,18.5204,73.8567,Ahmedabad,23.0225,72.5714,292,0.69,48
S580,Vadodara,22.3072,73.1812,Pune,18.5204,73.8567,271,3.97,48
S581,Ahmedabad,23.0225,72.5714,Nashik,19.9975,73.7898,614,2.56,48
S582,Pune,18.5204,73.8567,Surat,21.1702,72.8311,464,3.32,24
S583,Mumbai,19.076,72.8777,Hyderabad,17.385,78.4867,700,2.85,36
S584,Ahmedabad,23.0225,72.5714,Nashik,19.9975,73.7898,579,1.68,36
S585,Surat,21.1702,72.8311,Nagpur,21.1458,79.0882,693,2.67,24
S586,Jaipur,26.9124,75.7873,Nashik,19.9975,73.7898,589,1.5,24
S587,Indore,22.7196,75.8577,Pune,18.5204,73.8567,110,3.76,36
S588,Surat,21.1702,72.8311,Ahmedabad,23.0225,72.5714,131,3.91,24
S589,Surat,21.1702,72.8311,Vadodara,22.3072,73.1812,250,3.55,36
S590,Vadodara,22.3072,73.1812,Pune,18.5204,73.8567,611,1.89,24
S591,Indore,22.7196,75.8577,Nagpur,21.1458,79.0882,149,1.3,24
S592,Hyderabad,17.385,78.4867,Mumbai,19.076,72.8777,401,2.67,36
S593,Surat,21.1702,72.8311,Vadodara,22.3072,73.1812,584,3.91,24
S594,Hyderabad,17.385,78.4867,Mumbai,19.076,72.8777,247,3.79,24
S595,Mumbai,19.076,72.8777,Vadodara,22.3072,73.1812,396,3.24,48
S596,Nagpur,21.1458,79.0882,Mumbai,19.076,72.8777,700,0.82,24
S597,Jaipur,26.9124,75.7873,Ahmedabad,23.0225,72.5714,461,4.0,48
S598,Indore,22.7196,75.8577,Jaipur,26.9124,75.7873,557,1.12,24
S599,Nagpur,21.1458,79.0882,Jaipur,26.9124,75.7873,671,2.89,36
S600,Vadodara,22.3072,73.1812,Ahmedabad,23.0225,72.5714,257,2.26,48
S601,Jaipur,26.9124,75.7873,Nagpur,21.1458,79.0882,694,2.28,24
S602,Hyderabad,17.385,78.4867,Ahmedabad,23.0225,72.5714,151,3.06,36
S603,Hyderabad,17.385,78.4867,Ahmedabad,23.0225,72.5714,117,2.05,24
S604,Pune,18.5204,73.8567,Nashik,19.9975,73.7898,512,3.15,36
S605,Nashik,19.9975,73.7898,Mumbai,19.076,72.8777,611,0.76,48
S606,Pune,18.5204,73.8567,Nashik,19.9975,73.7898,125,3.4,36
S607,Nashik,19.9975,73.7898,Jaipur,26.9124,75.7873,206,1.51,24
S608,Hyderabad,17.385,78.4867,Nagpur,21.1458,79.0882,437,3.76,24
S609,Pune,18.5204,73.8567,Hyderabad,17.385,78.4867,186,1.99,36
S610,Mumbai,19.076,72.8777,Nashik,19.9975,73.7898,457,0.72,48
S611,Mumbai,19.076,72.8777,Ahmedabad,23.0225,72.5714,182,0.69,24
S612,Surat,21.1702,72.8311,Hyderabad,17.385,78.4867,579,2.95,48
S613,Jaipur,26.9124,75.7873,Mumbai,19.076,72.8777,159,2.41,48
S614,Indore,22.7196,75.8577,Ahmedabad,23.0225,72.5714,633,2.72,48
S615,Mumbai,19.076,72.8777,Nashik,19.9975,73.7898,166,2.78,36
S616,Pune,18.5204,73.8567,Nagpur,21.1458,79.0882,142,3.14,24
S617,Jaipur,26.9124,75.7873,Surat,21.1702,72.8311,271,2.53,24
S618,Vadodara,22.3072,73.1812,Surat,21.1702,72.8311,586,2.09,24
S619,Nagpur,21.1458,79.0882,Nashik,19.9975,73.7898,483,3.06,36
S620,Nashik,19.9975,73.7898,Hyderabad,17.385,78.4867,526,2.72,36
S621,Jaipur,26.9124,75.7873,Mumbai,19.076,72.8777,131,3.65,48
S622,Hyderabad,17.385,78.4867,Nashik,19.9975,73.7898,674,0.74,36
S623,Jaipur,26.9124,75.7873,Surat,21.1702,72.8311,688,3.98,24
S624,Pune,18.5204,73.8567,Indore,22.7196,75.8577,478,1.71,24
S625,Ahmedabad,23.0225,72.5714,Mumbai,19.076,72.8777,415,2.54,36
S626,Jaipur,26.9124,75.7873,Mumbai,19.076,72.8777,134,1.42,36
S627,Nashik,19.9975,73.7898,Indore,22.7196,75.8577,399,2.25,24
S628,Indore,22.7196,75.8577,Pune,18.5204,73.8567,465,1.75,48
S629,Pune,18.5204,73.8567,Surat,21.1702,72.8311,570,3.06,36
S630,Hyderabad,17.385,78.4867,Indore,22.7196,75.8577,529,0.9,24
S631,Pune,18.5204,73.8567,Jaipur,26.9124,75.7873,292,1.89,24
S632,Jaipur,26.9124,75.7873,Mumbai,19.076,72.8777,655,1.18,36
S633,Jaipur,26.9124,75.7873,Hyderabad,17.385,78.4867,595,1.63,24
S634,Nagpur,21.1458,79.0882,Nashik,19.9975,73.7898,447,2.36,24
S635,Ahmedabad,23.0225,72.5714,Surat,21.1702,72.8311,571,3.1,48
S636,Indore,22.7196,75.8577,Mumbai,19.076,72.8777,668,3.14,36
S637,Vadodara,22.3072,73.1812,Mumbai,19.076,72.8777,235,3.46,36
S638,Ahmedabad,23.0225,72.5714,Nagpur,21.1458,79.0882,690,1.75,24
S639,Indore,22.7196,75.8577,Vadodara,22.3072,73.1812,689,2.67,48
S640,Ahmedabad,23.0225,72.5714,Nashik,19.9975,73.7898,278,3.04,24
S641,Ahmedabad,23.0225,72.5714,Nashik,19.9975,73.7898,649,0.64,24
S642,Mumbai,19.076,72.8777,Indore,22.7196,75.8577,556,3.39,48
S643,Nagpur,21.1458,79.0882,Indore,22.7196,75.8577,492,1.28,36
S644,Pune,18.5204,73.8567,Mumbai,19.076,72.8777,508,1.6,36
S645,Surat,21.1702,72.8311,Nagpur,21.1458,79.0882,486,2.91,24
S646,Vadodara,22.3072,73.1812,Jaipur,26.9124,75.7873,615,2.13,24
S647,Hyderabad,17.385,78.4867,Ahmedabad,23.0225,72.5714,218,3.61,36
S648,Jaipur,26.9124,75.7873,Mumbai,19.076,72.8777,627,1.23,24
S649,Nashik,19.9975,73.7898,Hyderabad,17.385,78.4867,104,3.53,36
S650,Nashik,19.9975,73.7898,Jaipur,26.9124,75.7873,673,1.49,48
S651,Hyderabad,17.385,78.4867,Mumbai,19.076,72.8777,443,3.53,36
S652,Vadodara,22.3072,73.1812,Indore,22.7196,75.8577,522,3.57,48
S653,Mumbai,19.076,72.8777,Indore,22.7196,75.8577,433,1.95,36
S654,Pune,18.5204,73.8567,Vadodara,22.3072,73.1812,519,3.36,36
S655,Mumbai,19.076,72.8777,Indore,22.7196,75.8577,249,2.25,48
S656,Indore,22.7196,75.8577,Pune,18.5204,73.8567,482,2.42,24
S657,Ahmedabad,23.0225,72.5714,Hyderabad,17.385,78.4867,107,3.06,48
S658,Mumbai,19.076,72.8777,Vadodara,22.3072,73.1812,326,2.46,24
S659,Pune,18.5204,73.8567,Surat,21.1702,72.8311,285,0.74,48
S660,Ahmedabad,23.0225,72.5714,Vadodara,22.3072,73.1812,227,0.64,24
S661,Mumbai,19.076,72.8777,Vadodara,22.3072,73.1812,303,2.67,24
S662,Indore,22.7196,75.8577,Surat,21.1702,72.8311,487,3.25,24
S663,Pune,18.5204,73.8567,Nagpur,21.1458,79.0882,246,1.89,36
S664,Mumbai,19.076,72.8777,Vadodara,22.3072,73.1812,266,1.8,24
S665,Nashik,19.9975,73.7898,Surat,21.1702,72.8311,159,1.82,24
S666,Surat,21.1702,72.8311,Hyderabad,17.385,78.4867,128,0.79,48
S667,Vadodara,22.3072,73.1812,Surat,21.1702,72.8311,209,1.73,48
S668,Ahmedabad,23.0225,72.5714,Vadodara,22.3072,73.1812,529,2.18,36
S669,Indore,22.7196,75.8577,Mumbai,19.076,72.8777,100,3.28,36
S670,Nashik,19.9975,73.7898,Nagpur,21.1458,79.0882,316,3.31,24
S671,Ahmedabad,23.0225,72.5714,Indore,22.7196,75.8577,596,3.71,24
S672,Surat,21.1702,72.8311,Ahmedabad,23.0225,72.5714,536,2.13,24
S673,Mumbai,19.076,72.8777,Jaipur,26.9124,75.7873,646,2.34,24
S674,Jaipur,26.9124,75.7873,Nashik,19.9975,73.7898,344,1.18,48
S675,Ahmedabad,23.0225,72.5714,Jaipur,26.9124,75.7873,299,2.19,48
S676,Ahmedabad,23.0225,72.5714,Vadodara,22.3072,73.1812,573,3.63,36
S677,Nagpur,21.1458,79.0882,Nashik,19.9975,73.7898,390,3.48,36
S678,Nagpur,21.1458,79.0882,Pune,18.5204,73.8567,279,1.1,24
S679,Vadodara,22.3072,73.1812,Ahmedabad,23.0225,72.5714,251,2.34,36
S680,Surat,21.1702,72.8311,Pune,18.5204,73.8567,119,1.66,36
S681,Nashik,19.9975,73.7898,Pune,18.5204,73.8567,282,2.92,36
S682,Indore,22.7196,75.8577,Nagpur,21.1458,79.0882,329,1.9,24
S683,Vadodara,22.3072,73.1812,Surat,21.1702,72.8311,569,3.59,24
S684,Pune,18.5204,73.8567,Mumbai,19.076,72.8777,213,3.97,36
S685,Pune,18.5204,73.8567,Jaipur,26.9124,75.7873,119,1.12,48
S686,Jaipur,26.9124,75.7873,Ahmedabad,23.0225,72.5714,210,1.87,24
S687,Ahmedabad,23.0225,72.5714,Pune,18.5204,73.8567,527,1.59,36
S688,Pune,18.5204,73.8567,Nagpur,21.1458,79.0882,192,0.86,24
S689,Nagpur,21.1458,79.0882,Vadodara,22.3072,73.1812,518,3.04,36
S690,Vadodara,22.3072,73.1812,Hyderabad,17.385,78.4867,524,2.01,36
S691,Ahmedabad,23.0225,72.5714,Mumbai,19.076,72.8777,654,1.99,48
S692,Mumbai,19.076,72.8777,Jaipur,26.9124,75.7873,451,3.65,48
S693,Ahmedabad,23.0225,72.5714,Jaipur,26.9124,75.7873,416,3.84,24
S694,Indore,22.7196,75.8577,Surat,21.1702,72.8311,573,1.45,48
S695,Indore,22.7196,75.8577,Jaipur,26.9124,75.7873,220,1.51,36
S696,Nashik,19.9975,73.7898,Jaipur,26.9124,75.7873,113,3.76,24
S697,Mumbai,19.076,72.8777,Indore,22.7196,75.8577,408,3.68,48
S698,Ahmedabad,23.0225,72.5714,Nagpur,21.1458,79.0882,143,2.61,36
S699,Surat,21.1702,72.8311,Nagpur,21.1458,79.0882,104,2.32,24
S700,Pune,18.5204,73.8567,Nagpur,21.1458,79.0882,605,3.76,24
S701,Pune,18.5204,73.8567,Hyderabad,17.385,78.4867,624,1.19,48
S702,Pune,18.5204,73.8567,Nashik,19.9975,73.7898,546,2.05,36
S703,Hyderabad,17.385,78.4867,Nashik,19.9975,73.7898,654,1.56,36
S704,Jaipur,26.9124,75.7873,Indore,22.7196,75.8577,420,0.62,36
S705,Mumbai,19.076,72.8777,Vadodara,22.3072,73.1812,425,0.7,24
S706,Ahmedabad,23.0225,72.5714,Jaipur,26.9124,75.7873,490,2.62,24
S707,Hyderabad,17.385,78.4867,Vadodara,22.3072,73.1812,115,0.57,24
S708,Surat,21.1702,72.8311,Nagpur,21.1458,79.0882,151,3.6,36
S709,Mumbai,19.076,72.8777,Indore,22.7196,75.8577,266,3.2,36
S710,Surat,21.1702,72.8311,Hyderabad,17.385,78.4867,368,3.81,24
S711,Surat,21.1702,72.8311,Nashik,19.9975,73.7898,699,1.63,48
S712,Vadodara,22.3072,73.1812,Nashik,19.9975,73.7898,404,2.91,36
S713,Ahmedabad,23.0225,72.5714,Mumbai,19.076,72.8777,113,3.32,36
S714,Ahmedabad,23.0225,72.5714,Pune,18.5204,73.8567,401,0.64,24
S715,Indore,22.7196,75.8577,Pune,18.5204,73.8567,351,1.13,48
S716,Nashik,19.9975,73.7898,Surat,21.1702,72.8311,688,1.31,48
S717,Hyderabad,17.385,78.4867,Indore,22.7196,75.8577,672,2.85,48
S718,Mumbai,19.076,72.8777,Surat,21.1702,72.8311,425,1.89,36
S719,Vadodara,22.3072,73.1812,Nashik,19.9975,73.7898,397,1.57,24
S720,Pune,18.5204,73.8567,Jaipur,26.9124,75.7873,657,3.54,24
S721,Surat,21.1702,72.8311,Ahmedabad,23.0225,72.5714,591,1.5,48
S722,Indore,22.7196,75.8577,Surat,21.1702,72.8311,472,1.68,48
S723,Jaipur,26.9124,75.7873,Hyderabad,17.385,78.4867,559,2.58,24
S724,Nashik,19.9975,73.7898,Ahmedabad,23.0225,72.5714,410,1.4,48
S725,Nagpur,21.1458,79.0882,Surat,21.1702,72.8311,556,1.42,36
S726,Vadodara,22.3072,73.1812,Nagpur,21.1458,79.0882,102,0.68,36
S727,Nashik,19.9975,73.7898,Nagpur,21.1458,79.0882,628,3.27,36
S728,Vadodara,22.3072,73.1812,Pune,18.5204,73.8567,174,2.06,48
S729,Jaipur,26.9124,75.7873,Hyderabad,17.385,78.4867,474,2.55,48
S730,Ahmedabad,23.0225,72.5714,Nagpur,21.1458,79.0882,214,2.61,48
S731,Mumbai,19.076,72.8777,Vadodara,22.3072,73.1812,445,3.89,36
S732,Vadodara,22.3072,73.1812,Mumbai,19.076,72.8777,406,3.28,48
S733,Vadodara,22.3072,73.1812,Nagpur,21.1458,79.0882,590,2.21,36
S734,Nagpur,21.1458,79.0882,Ahmedabad,23.0225,72.5714,205,0.92,36
S735,Ahmedabad,23.0225,72.5714,Nagpur,21.1458,79.0882,591,0.57,24
S736,Nagpur,21.1458,79.0882,Mumbai,19.076,72.8777,211,3.74,48
S737,Nagpur,21.1458,79.0882,Surat,21.1702,72.8311,119,1.8,48
S738,Vadodara,22.3072,73.1812,Nagpur,21.1458,79.0882,503,2.74,24
S739,Nashik,19.9975,73.7898,Mumbai,19.076,72.8777,550,1.23,36
S740,Vadodara,22.3072,73.1812,Indore,22.7196,75.8577,236,3.92,48
S741,Vadodara,22.3072,73.1812,Jaipur,26.9124,75.7873,558,3.11,36
S742,Nagpur,21.1458,79.0882,Surat,21.1702,72.8311,523,3.15,24
S743,Surat,21.1702,72.8311,Mumbai,19.076,72.8777,406,3.51,24
S744,Surat,21.1702,72.8311,Jaipur,26.9124,75.7873,273,1.98,48
S745,Nashik,19.9975,73.7898,Pune,18.5204,73.8567,237,0.97,24
S746,Hyderabad,17.385,78.4867,Nashik,19.9975,73.7898,151,3.84,36
S747,Nagpur,21.1458,79.0882,Jaipur,26.9124,75.7873,406,3.6,36
S748,Vadodara,22.3072,73.1812,Mumbai,19.076,72.8777,394,2.88,48
S749,Jaipur,26.9124,75.7873,Mumbai,19.076,72.8777,165,1.64,36
S750,Nagpur,21.1458,79.0882,Vadodara,22.3072,73.1812,523,2.11,48
S751,Pune,18.5204,73.8567,Nashik,19.9975,73.7898,103,2.2,36
S752,Jaipur,26.9124,75.7873,Mumbai,19.076,72.8777,433,2.96,48
S753,Mumbai,19.076,72.8777,Nagpur,21.1458,79.0882,170,1.28,48
S754,Jaipur,26.9124,75.7873,Hyderabad,17.385,78.4867,234,1.65,36
S755,Ahmedabad,23.0225,72.5714,Hyderabad,17.385,78.4867,606,2.89,48
S756,Hyderabad,17.385,78.4867,Nashik,19.9975,73.7898,558,1.19,48
S757,Surat,21.1702,72.8311,Ahmedabad,23.0225,72.5714,288,1.6,36
S758,Surat,21.1702,72.8311,Nashik,19.9975,73.7898,341,3.14,48
S759,Nagpur,21.1458,79.0882,Vadodara,22.3072,73.1812,181,1.27,36
S760,Surat,21.1702,72.8311,Nagpur,21.1458,79.0882,445,3.84,48
S761,Pune,18.5204,73.8567,Ahmedabad,23.0225,72.5714,425,0.58,48
S762,Nagpur,21.1458,79.0882,Pune,18.5204,73.8567,334,2.25,24
S763,Pune,18.5204,73.8567,Vadodara,22.3072,73.1812,125,3.96,24
S764,Surat,21.1702,72.8311,Jaipur,26.9124,75.7873,520,2.92,24
S765,Jaipur,26.9124,75.7873,Pune,18.5204,73.8567,641,3.64,48
S766,Ahmedabad,23.0225,72.5714,Nagpur,21.1458,79.0882,626,1.66,36
S767,Indore,22.7196,75.8577,Pune,18.5204,73.8567,347,3.07,48
S768,Surat,21.1702,72.8311,Nagpur,21.1458,79.0882,416,2.24,24
S769,Jaipur,26.9124,75.7873,Hyderabad,17.385,78.4867,210,2.41,48
S770,Surat,21.1702,72.8311,Mumbai,19.076,72.8777,522,3.44,36
S771,Surat,21.1702,72.8311,Ahmedabad,23.0225,72.5714,191,0.75,24
S772,Indore,22.7196,75.8577,Hyderabad,17.385,78.4867,542,0.81,36
S773,Vadodara,22.3072,73.1812,Nagpur,21.1458,79.0882,367,3.24,48
S774,Jaipur,26.9124,75.7873,Pune,18.5204,73.8567,619,2.5,24
S775,Hyderabad,17.385,78.4867,Vadodara,22.3072,73.1812,136,2.69,36
S776,Ahmedabad,23.0225,72.5714,Hyderabad,17.385,78.4867,311,1.19,24
S777,Vadodara,22.3072,73.1812,Nashik,19.9975,73.7898,121,1.32,36
S778,Jaipur,26.9124,75.7873,Pune,18.5204,73.8567,402,3.53,48
S779,Ahmedabad,23.0225,72.5714,Indore,22.7196,75.8577,103,1.72,36
S780,Jaipur,26.9124,75.7873,Indore,22.7196,75.8577,462,1.24,24
S781,Nashik,19.9975,73.7898,Jaipur,26.9124,75.7873,690,2.12,36
S782,Surat,21.1702,72.8311,Pune,18.5204,73.8567,687,2.59,48
S783,Pune,18.5204,73.8567,Vadodara,22.3072,73.1812,518,3.11,24
S784,Hyderabad,17.385,78.4867,Indore,22.7196,75.8577,171,3.08,24
S785,Nashik,19.9975,73.7898,Mumbai,19.076,72.8777,447,2.14,48
S786,Jaipur,26.9124,75.7873,Vadodara,22.3072,73.1812,579,1.15,36
S787,Mumbai,19.076,72.8777,Hyderabad,17.385,78.4867,627,3.51,24
S788,Surat,21.1702,72.8311,Nagpur,21.1458,79.0882,566,1.83,36
S789,Ahmedabad,23.0225,72.5714,Pune,18.5204,73.8567,486,3.95,48
S790,Surat,21.1702,72.8311,Pune,18.5204,73.8567,222,3.17,24
S791,Pune,18.5204,73.8567,Nagpur,21.1458,79.0882,469,0.75,36
S792,Vadodara,22.3072,73.1812,Ahmedabad,23.0225,72.5714,125,0.76,36
S793,Mumbai,19.076,72.8777,Surat,21.1702,72.8311,391,3.31,36
S794,Nagpur,21.1458,79.0882,Hyderabad,17.385,78.4867,624,2.85,24
S795,Nashik,19.9975,73.7898,Mumbai,19.076,72.8777,620,2.47,36
S796,Ahmedabad,23.0225,72.5714,Vadodara,22.3072,73.1812,637,2.54,48
S797,Vadodara,22.3072,73.1812,Nashik,19.9975,73.7898,499,2.53,36
S798,Vadodara,22.3072,73.1812,Mumbai,19.076,72.8777,487,0.64,24
S799,Mumbai,19.076,72.8777,Indore,22.7196,75.8577,273,1.58,36
S800,Mumbai,19.076,72.8777,Nashik,19.9975,73.7898,164,3.57,48
S801,Vadodara,22.3072,73.1812,Indore,22.7196,75.8577,115,3.35,24
S802,Hyderabad,17.385,78.4867,Vadodara,22.3072,73.1812,233,1.67,48
S803,Pune,18.5204,73.8567,Vadodara,22.3072,73.1812,393,2.45,48
S804,Pune,18.5204,73.8567,Indore,22.7196,75.8577,591,3.21,24
S805,Nashik,19.9975,73.7898,Hyderabad,17.385,78.4867,630,3.56,24
S806,Ahmedabad,23.0225,72.5714,Vadodara,22.3072,73.1812,212,3.8,24
S807,Hyderabad,17.385,78.4867,Nagpur,21.1458,79.0882,606,3.91,24
S808,Nagpur,21.1458,79.0882,Mumbai,19.076,72.8777,632,1.66,24
S809,Surat,21.1702,72.8311,Vadodara,22.3072,73.1812,275,2.41,48
S810,Surat,21.1702,72.8311,Hyderabad,17.385,78.4867,622,1.39,48
S811,Jaipur,26.9124,75.7873,Indore,22.7196,75.8577,607,1.56,36
S812,Jaipur,26.9124,75.7873,Pune,18.5204,73.8567,227,1.81,36
S813,Ahmedabad,23.0225,72.5714,Pune,18.5204,73.8567,565,0.75,48
S814,Mumbai,19.076,72.8777,Indore,22.7196,75.8577,313,1.04,24
S815,Mumbai,19.076,72.8777,Jaipur,26.9124,75.7873,338,3.51,36
S816,Hyderabad,17.385,78.4867,Indore,22.7196,75.8577,285,3.74,36
S817,Nashik,19.9975,73.7898,Ahmedabad,23.0225,72.5714,600,2.03,48
S818,Nagpur,21.1458,79.0882,Jaipur,26.9124,75.7873,327,1.87,24
S819,Nagpur,21.1458,79.0882,Mumbai,19.076,72.8777,426,0.96,24
S820,Pune,18.5204,73.8567,Surat,21.1702,72.8311,555,3.38,36
S821,Ahmedabad,23.0225,72.5714,Indore,22.7196,75.8577,124,3.77,48
S822,Indore,22.7196,75.8577,Ahmedabad,23.0225,72.5714,501,2.17,36
S823,Jaipur,26.9124,75.7873,Mumbai,19.076,72.8777,588,2.67,48
S824,Indore,22.7196,75.8577,Jaipur,26.9124,75.7873,674,2.97,36
S825,Hyderabad,17.385,78.4867,Nashik,19.9975,73.7898,204,1.89,36
S826,Nashik,19.9975,73.7898,Pune,18.5204,73.8567,124,3.2,48
S827,Nashik,19.9975,73.7898,Hyderabad,17.385,78.4867,423,3.32,24
S828,Nashik,19.9975,73.7898,Jaipur,26.9124,75.7873,687,1.04,36
S829,Jaipur,26.9124,75.7873,Mumbai,19.076,72.8777,205,1.91,36
S830,Mumbai,19.076,72.8777,Ahmedabad,23.0225,72.5714,690,2.44,48
S831,Nagpur,21.1458,79.0882,Ahmedabad,23.0225,72.5714,143,3.91,36
S832,Indore,22.7196,75.8577,Ahmedabad,23.0225,72.5714,640,1.77,24
S833,Jaipur,26.9124,75.7873,Hyderabad,17.385,78.4867,401,1.9,48
S834,Pune,18.5204,73.8567,Hyderabad,17.385,78.4867,423,2.92,24
S835,Pune,18.5204,73.8567,Mumbai,19.076,72.8777,252,0.96,24
S836,Hyderabad,17.385,78.4867,Pune,18.5204,73.8567,355,0.94,36
S837,Jaipur,26.9124,75.7873,Pune,18.5204,73.8567,580,1.54,36
S838,Nagpur,21.1458,79.0882,Surat,21.1702,72.8311,658,3.23,48
S839,Hyderabad,17.385,78.4867,Nagpur,21.1458,79.0882,595,2.69,24
S840,Jaipur,26.9124,75.7873,Mumbai,19.076,72.8777,340,1.94,36
S841,Nagpur,21.1458,79.0882,Nashik,19.9975,73.7898,202,3.24,48
S842,Nagpur,21.1458,79.0882,Vadodara,22.3072,73.1812,331,2.87,24
S843,Surat,21.1702,72.8311,Mumbai,19.076,72.8777,229,3.65,36
S844,Surat,21.1702,72.8311,Hyderabad,17.385,78.4867,619,0.72,48
S845,Nagpur,21.1458,79.0882,Hyderabad,17.385,78.4867,668,2.24,24
S846,Nashik,19.9975,73.7898,Mumbai,19.076,72.8777,432,0.78,48
S847,Jaipur,26.9124,75.7873,Mumbai,19.076,72.8777,143,2.22,36
S848,Nagpur,21.1458,79.0882,Pune,18.5204,73.8567,316,3.75,24
S849,Nashik,19.9975,73.7898,Hyderabad,17.385,78.4867,346,0.51,48
S850,Pune,18.5204,73.8567,Surat,21.1702,72.8311,648,3.51,48
S851,Indore,22.7196,75.8577,Vadodara,22.3072,73.1812,345,3.59,24
S852,Ahmedabad,23.0225,72.5714,Vadodara,22.3072,73.1812,339,1.3,48
S853,Nashik,19.9975,73.7898,Ahmedabad,23.0225,72.5714,691,2.16,24
S854,Jaipur,26.9124,75.7873,Ahmedabad,23.0225,72.5714,206,1.27,24
S855,Nashik,19.9975,73.7898,Indore,22.7196,75.8577,602,1.71,36
S856,Nagpur,21.1458,79.0882,Jaipur,26.9124,75.7873,683,3.74,48
S857,Nashik,19.9975,73.7898,Hyderabad,17.385,78.4867,134,2.68,48
S858,Indore,22.7196,75.8577,Hyderabad,17.385,78.4867,618,1.65,36
S859,Indore,22.7196,75.8577,Pune,18.5204,73.8567,299,1.68,48
S860,Indore,22.7196,75.8577,Jaipur,26.9124,75.7873,368,3.52,36
S861,Ahmedabad,23.0225,72.5714,Vadodara,22.3072,73.1812,588,3.24,48
S862,Indore,22.7196,75.8577,Nashik,19.9975,73.7898,194,3.68,24
S863,Indore,22.7196,75.8577,Pune,18.5204,73.8567,611,3.61,24
S864,Mumbai,19.076,72.8777,Indore,22.7196,75.8577,400,3.17,36
S865,Jaipur,26.9124,75.7873,Vadodara,22.3072,73.1812,631,0.58,36
S866,Jaipur,26.9124,75.7873,Ahmedabad,23.0225,72.5714,293,2.41,36
S867,Jaipur,26.9124,75.7873,Nagpur,21.1458,79.0882,372,1.44,48
S868,Pune,18.5204,73.8567,Vadodara,22.3072,73.1812,124,1.3,48
S869,Vadodara,22.3072,73.1812,Surat,21.1702,72.8311,489,1.12,48
S870,Vadodara,22.3072,73.1812,Nashik,19.9975,73.7898,550,3.38,24
S871,Mumbai,19.076,72.8777,Surat,21.1702,72.8311,578,2.1,36
S872,Nashik,19.9975,73.7898,Ahmedabad,23.0225,72.5714,580,2.76,48
S873,Ahmedabad,23.0225,72.5714,Mumbai,19.076,72.8777,383,2.47,24
S874,Ahmedabad,23.0225,72.5714,Pune,18.5204,73.8567,398,3.98,36
S875,Hyderabad,17.385,78.4867,Mumbai,19.076,72.8777,556,3.21,36
S876,Surat,21.1702,72.8311,Hyderabad,17.385,78.4867,253,2.03,36
S877,Nashik,19.9975,73.7898,Vadodara,22.3072,73.1812,211,2.04,48
S878,Hyderabad,17.385,78.4867,Vadodara,22.3072,73.1812,281,3.1,48
S879,Vadodara,22.3072,73.1812,Hyderabad,17.385,78.4867,663,1.0,48
S880,Nagpur,21.1458,79.0882,Mumbai,19.076,72.8777,344,2.89,48
S881,Nashik,19.9975,73.7898,Jaipur,26.9124,75.7873,264,2.69,48
S882,Nashik,19.9975,73.7898,Vadodara,22.3072,73.1812,596,1.74,36
S883,Hyderabad,17.385,78.4867,Pune,18.5204,73.8567,475,1.3,24
S884,Nagpur,21.1458,79.0882,Jaipur,26.9124,75.7873,545,0.69,36
S885,Ahmedabad,23.0225,72.5714,Vadodara,22.3072,73.1812,286,0.66,24
S886,Pune,18.5204,73.8567,Nashik,19.9975,73.7898,314,3.05,36
S887,Hyderabad,17.385,78.4867,Surat,21.1702,72.8311,381,3.38,48
S888,Indore,22.7196,75.8577,Vadodara,22.3072,73.1812,695,3.18,48
S889,Vadodara,22.3072,73.1812,Mumbai,19.076,72.8777,244,0.74,48
S890,Indore,22.7196,75.8577,Hyderabad,17.385,78.4867,147,0.58,48
S891,Hyderabad,17.385,78.4867,Mumbai,19.076,72.8777,290,1.91,36
S892,Nagpur,21.1458,79.0882,Ahmedabad,23.0225,72.5714,505,1.96,48
S893,Nagpur,21.1458,79.0882,Vadodara,22.3072,73.1812,456,1.07,48
S894,Pune,18.5204,73.8567,Hyderabad,17.385,78.4867,618,0.59,48
S895,Ahmedabad,23.0225,72.5714,Mumbai,19.076,72.8777,674,3.22,24
S896,Hyderabad,17.385,78.4867,Vadodara,22.3072,73.1812,107,3.88,36
S897,Indore,22.7196,75.8577,Vadodara,22.3072,73.1812,191,1.73,24
S898,Nashik,19.9975,73.7898,Surat,21.1702,72.8311,468,1.12,24
S899,Jaipur,26.9124,75.7873,Mumbai,19.076,72.8777,291,2.48,48
S900,Vadodara,22.3072,73.1812,Nagpur,21.1458,79.0882,521,3.45,48
S901,Pune,18.5204,73.8567,Hyderabad,17.385,78.4867,563,1.78,36
S902,Ahmedabad,23.0225,72.5714,Jaipur,26.9124,75.7873,606,1.27,48
S903,Nashik,19.9975,73.7898,Ahmedabad,23.0225,72.5714,136,2.54,24
S904,Ahmedabad,23.0225,72.5714,Pune,18.5204,73.8567,131,3.45,48
S905,Ahmedabad,23.0225,72.5714,Nashik,19.9975,73.7898,363,3.16,24
S906,Vadodara,22.3072,73.1812,Ahmedabad,23.0225,72.5714,593,2.63,24
S907,Nagpur,21.1458,79.0882,Ahmedabad,23.0225,72.5714,281,3.42,36
S908,Pune,18.5204,73.8567,Surat,21.1702,72.8311,423,3.85,36
S909,Surat,21.1702,72.8311,Ahmedabad,23.0225,72.5714,199,1.5,24
S910,Surat,21.1702,72.8311,Vadodara,22.3072,73.1812,337,3.48,24
S911,Jaipur,26.9124,75.7873,Surat,21.1702,72.8311,580,3.66,24
S912,Jaipur,26.9124,75.7873,Mumbai,19.076,72.8777,652,1.14,48
S913,Indore,22.7196,75.8577,Vadodara,22.3072,73.1812,248,0.89,48
S914,Pune,18.5204,73.8567,Nashik,19.9975,73.7898,667,3.52,36
S915,Jaipur,26.9124,75.7873,Pune,18.5204,73.8567,146,1.48,24
S916,Pune,18.5204,73.8567,Nagpur,21.1458,79.0882,574,2.82,36
S917,Nashik,19.9975,73.7898,Vadodara,22.3072,73.1812,369,1.21,24
S918,Ahmedabad,23.0225,72.5714,Nashik,19.9975,73.7898,251,1.5,36
S919,Ahmedabad,23.0225,72.5714,Indore,22.7196,75.8577,656,0.83,36
S920,Pune,18.5204,73.8567,Hyderabad,17.385,78.4867,340,3.43,24
S921,Vadodara,22.3072,73.1812,Ahmedabad,23.0225,72.5714,655,0.95,36
S922,Surat,21.1702,72.8311,Mumbai,19.076,72.8777,105,1.71,36
S923,Hyderabad,17.385,78.4867,Jaipur,26.9124,75.7873,186,2.26,48
S924,Vadodara,22.3072,73.1812,Mumbai,19.076,72.8777,539,1.86,24
S925,Nashik,19.9975,73.7898,Jaipur,26.9124,75.7873,305,0.97,36
S926,Vadodara,22.3072,73.1812,Indore,22.7196,75.8577,262,3.26,36
S927,Mumbai,19.076,72.8777,Nashik,19.9975,73.7898,661,3.93,48
S928,Nagpur,21.1458,79.0882,Pune,18.5204,73.8567,366,2.97,24
S929,Ahmedabad,23.0225,72.5714,Mumbai,19.076,72.8777,224,1.26,36
S930,Pune,18.5204,73.8567,Nashik,19.9975,73.7898,596,2.33,24
S931,Pune,18.5204,73.8567,Surat,21.1702,72.8311,631,1.5,24
S932,Hyderabad,17.385,78.4867,Mumbai,19.076,72.8777,239,2.49,48
S933,Ahmedabad,23.0225,72.5714,Jaipur,26.9124,75.7873,338,3.27,36
S934,Ahmedabad,23.0225,72.5714,Vadodara,22.3072,73.1812,201,0.5,36
S935,Ahmedabad,23.0225,72.5714,Indore,22.7196,75.8577,401,3.15,24
S936,Hyderabad,17.385,78.4867,Vadodara,22.3072,73.1812,581,2.95,36
S937,Vadodara,22.3072,73.1812,Surat,21.1702,72.8311,557,1.74,24
S938,Hyderabad,17.385,78.4867,Vadodara,22.3072,73.1812,513,2.62,36
S939,Hyderabad,17.385,78.4867,Pune,18.5204,73.8567,616,0.87,48
S940,Surat,21.1702,72.8311,Jaipur,26.9124,75.7873,471,1.52,24
S941,Surat,21.1702,72.8311,Nashik,19.9975,73.7898,229,3.48,36
S942,Indore,22.7196,75.8577,Surat,21.1702,72.8311,665,0.81,24
S943,Indore,22.7196,75.8577,Nagpur,21.1458,79.0882,400,1.85,36
S944,Pune,18.5204,73.8567,Nashik,19.9975,73.7898,181,3.16,36
S945,Nagpur,21.1458,79.0882,Indore,22.7196,75.8577,685,0.75,36
S946,Vadodara,22.3072,73.1812,Nagpur,21.1458,79.0882,635,1.15,36
S947,Nashik,19.9975,73.7898,Jaipur,26.9124,75.7873,441,2.63,36
S948,Vadodara,22.3072,73.1812,Pune,18.5204,73.8567,117,1.93,36
S949,Indore,22.7196,75.8577,Vadodara,22.3072,73.1812,660,1.98,36
S950,Nashik,19.9975,73.7898,Hyderabad,17.385,78.4867,218,1.03,48
S951,Surat,21.1702,72.8311,Jaipur,26.9124,75.7873,252,3.98,36
S952,Indore,22.7196,75.8577,Nagpur,21.1458,79.0882,113,1.9,36
S953,Surat,21.1702,72.8311,Nagpur,21.1458,79.0882,101,1.95,48
S954,Vadodara,22.3072,73.1812,Mumbai,19.076,72.8777,160,2.49,48
S955,Indore,22.7196,75.8577,Surat,21.1702,72.8311,235,1.07,48
S956,Pune,18.5204,73.8567,Jaipur,26.9124,75.7873,262,3.87,48
S957,Nagpur,21.1458,79.0882,Mumbai,19.076,72.8777,379,0.96,36
S958,Pune,18.5204,73.8567,Nagpur,21.1458,79.0882,307,0.86,24
S959,Mumbai,19.076,72.8777,Hyderabad,17.385,78.4867,582,2.79,24
S960,Nashik,19.9975,73.7898,Surat,21.1702,72.8311,249,0.75,36
S961,Ahmedabad,23.0225,72.5714,Mumbai,19.076,72.8777,459,0.89,36
S962,Mumbai,19.076,72.8777,Jaipur,26.9124,75.7873,225,0.84,24
S963,Nashik,19.9975,73.7898,Surat,21.1702,72.8311,510,2.8,48
S964,Jaipur,26.9124,75.7873,Pune,18.5204,73.8567,305,1.05,48
S965,Nashik,19.9975,73.7898,Vadodara,22.3072,73.1812,194,3.44,36
S966,Vadodara,22.3072,73.1812,Jaipur,26.9124,75.7873,130,3.63,36
S967,Pune,18.5204,73.8567,Jaipur,26.9124,75.7873,334,3.66,48
S968,Nashik,19.9975,73.7898,Nagpur,21.1458,79.0882,463,3.94,36
S969,Indore,22.7196,75.8577,Vadodara,22.3072,73.1812,385,1.53,36
S970,Ahmedabad,23.0225,72.5714,Surat,21.1702,72.8311,497,1.5,36
S971,Hyderabad,17.385,78.4867,Vadodara,22.3072,73.1812,621,1.24,48
S972,Mumbai,19.076,72.8777,Surat,21.1702,72.8311,133,3.38,36
S973,Nashik,19.9975,73.7898,Pune,18.5204,73.8567,493,3.62,36
S974,Indore,22.7196,75.8577,Nashik,19.9975,73.7898,104,1.59,36
S975,Nashik,19.9975,73.7898,Vadodara,22.3072,73.1812,165,2.93,48
S976,Nagpur,21.1458,79.0882,Ahmedabad,23.0225,72.5714,575,1.57,36
S977,Pune,18.5204,73.8567,Indore,22.7196,75.8577,228,2.92,48
S978,Mumbai,19.076,72.8777,Vadodara,22.3072,73.1812,105,3.93,24
S979,Mumbai,19.076,72.8777,Jaipur,26.9124,75.7873,393,3.64,24
S980,Nashik,19.9975,73.7898,Ahmedabad,23.0225,72.5714,663,2.23,48
S981,Vadodara,22.3072,73.1812,Mumbai,19.076,72.8777,523,1.51,24
S982,Vadodara,22.3072,73.1812,Ahmedabad,23.0225,72.5714,664,2.63,48
S983,Surat,21.1702,72.8311,Jaipur,26.9124,75.7873,382,2.31,24
S984,Surat,21.1702,72.8311,Nashik,19.9975,73.7898,293,2.91,24
S985,Jaipur,26.9124,75.7873,Surat,21.1702,72.8311,438,0.86,36
S986,Indore,22.7196,75.8577,Mumbai,19.076,72.8777,651,1.15,24
S987,Pune,18.5204,73.8567,Surat,21.1702,72.8311,532,0.65,36
S988,Surat,21.1702,72.8311,Hyderabad,17.385,78.4867,488,1.1,24
S989,Jaipur,26.9124,75.7873,Pune,18.5204,73.8567,527,2.65,24
S990,Nagpur,21.1458,79.0882,Ahmedabad,23.0225,72.5714,423,2.03,24
S991,Hyderabad,17.385,78.4867,Indore,22.7196,75.8577,294,3.39,24
S992,Jaipur,26.9124,75.7873,Mumbai,19.076,72.8777,227,1.31,36
S993,Mumbai,19.076,72.8777,Hyderabad,17.385,78.4867,628,3.64,24
S994,Vadodara,22.3072,73.1812,Jaipur,26.9124,75.7873,384,1.44,24
S995,Jaipur,26.9124,75.7873,Pune,18.5204,73.8567,285,2.56,24
S996,Surat,21.1702,72.8311,Nashik,19.9975,73.7898,412,1.99,24
S997,Nashik,19.9975,73.7898,Vadodara,22.3072,73.1812,160,2.75,24
S998,Mumbai,19.076,72.8777,Ahmedabad,23.0225,72.5714,478,1.67,36
S999,Hyderabad,17.385,78.4867,Vadodara,22.3072,73.1812,579,0.6,36
S1000,Jaipur,26.9124,75.7873,Vadodara,22.3072,73.1812,405,3.92,36
